PLAN,NUM_PARTS,COINCIDENT_BOUNDARIES,SHANNON_ENTROPY,POWER_ENTROPY,NUM_SPLIT_LOCALITIES,PENNSYLVANIA_FOULS,SYMMETRIC_ENTROPY
2011,108,1583,0.6450986297841543,188.42848534926762,29,6,45015487.012303
GOV,89,660,0.4660141776247033,67.60571610474123,19,1,40503407.20926451
TS,87,735,0.48430362540134764,67.82099960541845,16,1,40612850.91536628
REMEDIAL,85,596,0.388296726933385,61.84355504064965,14,2,39360589.835866
CPCT,84,491,0.40087123902031324,82.283107352574,13,1,39425539.2751597
DEM,114,1193,0.6429067695208666,202.52779042239428,31,10,46021265.66399489
GOP,99,967,0.6039729646859537,96.1850500959382,22,5,43877667.79327744
8th,129,1134,0.6048832247512594,329.71231845020725,42,14,45908408.3897663
